﻿{"cameraMode":{"drawMode":0,"name":"Shaded","section":"Shading Mode"},"sceneLighting":true,"audioPlay":false,"sceneViewState":{"showFog":true,"showMaterialUpdate":false,"showSkybox":true,"showFlares":true,"showImageEffects":true,"showParticleSystems":true},"in2DMode":false,"pivot":{"x":621.30810546875,"y":359.9554443359375,"z":-261.471435546875},"rotation":{"x":0.08240773528814316,"y":0.167214035987854,"z":0.014027238823473454,"w":-0.9823759198188782},"size":989.1631469726563,"orthographic":false}